{
  "scenario": "cars",
  "query_id": 8,
  "operator": "F+L",
  "scale_factor": 19672,
  "model": "gemini-2.5-flash",
  "thinking_budget_for_calibration": 0,
  "prompt": "You are given an image of a vehicle or its parts. Return true if car has both, puncture and paint scratches",
  "structural_filter": "",
  "params": {
    "K_candidates": 200,
    "target": 100
  },
  "dase_prompts": {
    "positive": [
      "a car with both paint scratches and a puncture",
      "vehicle showing surface scratches and a hole or puncture",
      "image with paint scratches and a puncture mark"
    ],
    "negative": [
      "an undamaged car with no scratches or punctures",
      "a car with damage but no scratches or punctures",
      "a vehicle without surface scratches or punctures"
    ]
  },
  "cascade_form": "F+L canonical: top-200 by margin \u2192 BQ AI.IF on image_id IN(200) + LIMIT 100",
  "data": {
    "n_images_total": 3765,
    "n_gt_positive_cars": 163
  },
  "dase_breakdown_s": {
    "data_load": 0.6081387996673584,
    "embed_prompts": 1.507915735244751,
    "margin_compute": 0.39761781692504883,
    "rank_topk_or_partition": 0.011499166488647461,
    "total": 2.5251715183258057
  },
  "dase_top_K": {
    "image_ids": [
      23173,
      18045,
      28790,
      22414,
      24711,
      22180,
      21307,
      25405,
      25726,
      24920,
      19837,
      19251,
      20899,
      22238,
      17571,
      20834,
      19613,
      29258,
      24310,
      25621,
      18454,
      20523,
      16350,
      22755,
      30112,
      24550,
      24919,
      20036,
      20006,
      16809,
      24062,
      28907,
      23867,
      20536,
      24092,
      29382,
      20486,
      17937,
      16564,
      19943,
      19873,
      18387,
      22580,
      16621,
      29799,
      19846,
      16920,
      26413,
      28013,
      17585,
      20528,
      29287,
      19629,
      25617,
      18040,
      16996,
      26962,
      23345,
      16750,
      19602,
      21507,
      22034,
      21998,
      19452,
      20551,
      19081,
      17066,
      22506,
      29523,
      17138,
      16561,
      24716,
      16416,
      25451,
      27883,
      27538,
      20021,
      29342,
      28503,
      28267,
      17265,
      21516,
      28899,
      22179,
      18590,
      16649,
      29387,
      17011,
      19802,
      19554,
      18583,
      18120,
      29904,
      28888,
      29838,
      29425,
      16820,
      16606,
      22216,
      22362,
      24104,
      28002,
      17065,
      25995,
      16951,
      21508,
      18967,
      19733,
      18077,
      21494,
      16814,
      28881,
      17259,
      23434,
      27111,
      19241,
      21286,
      28188,
      26922,
      28017,
      19942,
      22402,
      27162,
      19202,
      21362,
      17470,
      18436,
      19487,
      17181,
      17295,
      18487,
      23800,
      21825,
      16409,
      19486,
      28846,
      24087,
      19416,
      17732,
      26864,
      20649,
      21741,
      29697,
      26913,
      19482,
      20379,
      18365,
      17748,
      22818,
      22946,
      26430,
      16330,
      24743,
      22786,
      17395,
      22625,
      16494,
      29020,
      20964,
      24594,
      19787,
      18130,
      24572,
      18449,
      18381,
      28832,
      16541,
      22208,
      28154,
      24253,
      25302,
      23996,
      24734,
      29859,
      17452,
      17104,
      18746,
      16674,
      21792,
      17614,
      18861,
      29041,
      20637,
      28611,
      29261,
      16632,
      28234,
      27916,
      18591,
      23163,
      29038,
      19455,
      27917,
      20400,
      18481,
      16361,
      22927,
      19892,
      18628,
      28898
    ],
    "car_ids": [
      201046,
      67759,
      88861,
      269021,
      29099,
      139777,
      16447,
      224667,
      58593,
      15723,
      28931,
      87076,
      68143,
      203903,
      176949,
      141449,
      156940,
      220170,
      18753,
      227264,
      250106,
      229056,
      130624,
      233407,
      160309,
      83732,
      52147,
      26384,
      265691,
      188392,
      93635,
      202619,
      161539,
      52931,
      110741,
      254780,
      181862,
      48360,
      51919,
      186050,
      288018,
      93729,
      297744,
      48054,
      291878,
      100290,
      259953,
      84931,
      267743,
      291080,
      68162,
      50434,
      248055,
      261428,
      12081,
      104923,
      212392,
      200693,
      113202,
      246520,
      275310,
      173128,
      123728,
      278047,
      161927,
      154427,
      163441,
      177583,
      179398,
      288291,
      27419,
      264771,
      288468,
      103314,
      18758,
      70211,
      162110,
      111385,
      243377,
      249917,
      95342,
      28572,
      92400,
      16122,
      108986,
      212905,
      31147,
      48728,
      242912,
      224866,
      11881,
      168934,
      60577,
      95346,
      89911,
      55278,
      91037,
      212317,
      131060,
      149335,
      28799,
      274168,
      127548,
      13140,
      8548,
      257779,
      261010,
      204918,
      140651,
      188072,
      118260,
      86181,
      90075,
      47505,
      144538,
      286215,
      117418,
      214224,
      292926,
      123895,
      250139,
      122166,
      267440,
      95815,
      258587,
      159584,
      184781,
      263881,
      53505,
      220413,
      1671,
      211754,
      134746,
      288596,
      237456,
      229125,
      2359,
      25984,
      20327,
      128881,
      259470,
      247865,
      214494,
      270806,
      269298,
      252917,
      5600,
      140120,
      364,
      200205,
      196904,
      185221,
      141303,
      291118,
      232805,
      177386,
      105717,
      43665,
      25557,
      177748,
      240578,
      196896,
      256407,
      131926,
      268914,
      275789,
      66959,
      1871,
      84591,
      24265,
      262820,
      194792,
      205571,
      51115,
      166484,
      30064,
      193181,
      76830,
      279004,
      49791,
      881,
      113467,
      98806,
      213471,
      24512,
      181823,
      190117,
      75176,
      1206,
      52702,
      95240,
      243045,
      87826,
      110294,
      230736,
      162692,
      198972,
      27779,
      238123,
      91620
    ],