{
  "table_sizes": {
    "imdb_t1_hnsw": 42378,
    "imdb_t2_hnsw": 43237,
    "ti_imdb_t1_imdb_t2_0.5": 2103617,
    "ti_imdb_t1_imdb_t2_0.6": 58408780
  },
  "ti_selectivity": {
    "ti_imdb_t1_imdb_t2_0.5": {
      "0.4": 0.018855,
      "0.45": 0.205018,
      "0.5": 1.0,
      "0.55": 1.0,
      "0.6": 1.0
    },
    "ti_imdb_t1_imdb_t2_0.6": {
      "0.4": 0.000682,
      "0.45": 0.007435,
      "0.5": 0.036387,
      "0.55": 0.177687,
      "0.6": 1.0
    }
  },
  "fss_strategy": {
    "sigma_low": 0.10,
    "sigma_high": 0.10
  }
}