{
  "bq_yes": {
    "shoe": [
      7935,
      39129,
      41694,
      47076
    ],
    "lower": [
      2240,
      2762,
      3869,
      6241,
      6269,
      7935,
      8441,
      9259,
      15779,
      17542,
      19663,
      23165,
      26053,
      28011,
      28047,
      31562,
      32138,
      39129,
      41694,
      47076,
      47525,
      47676,
      49931,
      50544,
      50621,
      53126,
      53264,
      53804,
      54188
    ],
    "upper": [
      1563,
      1891,
      2045,
      2048,
      2161,
      2240,
      2606,
      2607,
      2762,
      3351,
      3786,
      3869,
      4038,
      4800,
      4805,
      5945,
      6241,
      6269,
      8419,
      8441,
      9259,
      9938,
      10579,
      10689,
      13705,
      14538,
      15091,
      17542,
      17918,
      19159,
      19663,
      19672,
      23147,
      23165,
      26053,
      26894,
      28570,
      28932,
      31283,
      31550,
      34011,
      34106,
      34430,
      34571,
      38594,
      38943,
      39129,
      39856,
      44225,
      53126,
      53264,
      53412,
      53414,
      53804,
      53842,
      54585,
      54696,
      54698,
      59081
    ]
  },
  "walls": {
    "shoe": 300.8642146587372,
    "lower": 301.24521040916443,
    "upper": 13.232078075408936
  },
  "slots": {
    "shoe": 427738,
    "lower": 619714,
    "upper": 60742
  },
  "s1_calls": 234
}