{
  "bq_yes": {
    "shoe": [
      3656,
      9376,
      11241,
      11303,
      11327,
      13075,
      14568,
      16198,
      16518,
      16522,
      24292,
      27940,
      36378,
      39129,
      40015,
      41694,
      46337,
      46908,
      51162
    ],
    "lower": [
      7935,
      11233,
      11241,
      13112,
      16198,
      19505,
      19663,
      19672,
      26380,
      31562,
      40035,
      41694,
      48558,
      49931,
      53554
    ],
    "upper": [
      1790,
      2045,
      2048,
      2606,
      2607,
      2762,
      3479,
      4811,
      4817,
      8402,
      10579,
      12505,
      13705,
      14538,
      16198,
      18925,
      19159,
      19661,
      19732,
      22082,
      23147,
      23165,
      24984,
      27280,
      28570,
      31283,
      34571,
      39856,
      46411,
      53264,
      53414,
      53804,
      54698,
      57064
    ],
    "accessory": [
      1790,
      3470
    ]
  },
  "walls": {
    "shoe": 600.9445722103119,
    "lower": 611.8741652965546,
    "upper": 642.891101360321,
    "accessory": 301.26111793518066
  },
  "slots": {
    "shoe": 713310,
    "lower": 1781641,
    "upper": 2337979,
    "accessory": 818779
  },
  "s1_calls": 1287
}