{
  "scenario": "ecomm",
  "query_id": 13,
  "scale_factor": 500,
  "model": "gemini-2.5-flash",
  "thinking_budget_for_calibration": 0,
  "params": {
    "tau_high": 1.0,
    "tau_low": -0.02
  },
  "dase_prompts": {
    "positive": [
      "a men's running t-shirt with round neck and short sleeves, in blue or black, with a striped design, suitable for outdoor running in warm weather",
      "a blue or black short-sleeve striped sports tshirt for men, athletic running apparel",
      "a men's athletic round-neck short-sleeve striped running shirt for warm weather"
    ],
    "negative": [
      "women's clothing or non-tshirt apparel like trousers, shoes, accessories, dresses",
      "a white or green or other bright-colored t-shirt, or a non-striped solid-color shirt",
      "a long-sleeve or v-neck or hoodie or jacket, not a short-sleeve round-neck t-shirt"
    ]
  },
  "cascade_form": "Standard sem_filter cascade: dase contrastive 3-POS/3-NEG margin on image-caption emb \u2192 two-threshold partition \u2192 Stage 1 CTAS uncertain \u2192 Stage 2 q13.sql verbatim on staging \u2192 merge confident_yes \u222a bq_yes",
  "data": {
    "n_products": 500,
    "n_gt_positive": 12,
    "gt_ids": [
      2045,
      2048,
      2606,
      2607,
      3479,
      4038,
      4800,
      4805,
      4811,
      4817,
      12799,
      43047
    ]
  },
  "dase_breakdown": {
    "data_load_s": 0.12449336051940918,
    "margin_compute_s": 1.1895570755004883,
    "total_s": 1.3140504360198975
  },
  "dase_partition": {
    "n_confident_pos": 0,
    "n_uncertain": 225,
    "n_confident_neg": 275,
    "uncertain_ids": [
      53759,
      32138,
      34835,
      53554,
      16198,
      46411,
      53565,
      24292,
      9259,
      36393,
      58743,
      20008,
      12902,
      28298,
      41694,
      2479,
      17846,
      50544,
      13075,
      1891,
      36563,
      5299,
      2048,
      46410,
      4728,
      7730,
      40142,
      10037,
      30292,
      44741,
      22598,
      54188,
      15779,
      56248,
      39297,
      52751,
      13705,
      5945,
      5571,
      23905,
      26813,
      5576,
      28380,
      41588,
      2762,
      15267,
      22615,
      23165,
      3470,
      4800,
      26649,
      10110,
      3479,
      1920,
      18345,
      9376,
      45906,
      13112,
      3656,
      5303,
      46919,
      7039,
      51396,
      7802,
      53264,
      26297,
      9938,
      25886,
      25047,
      28932,
      10102,
      25447,
      23582,
      50621,
      14755,
      40015,
      17918,
      27583,
      38759,
      1563,
      40012,
      3462,
      19429,
      28538,
      14953,
      15243,
      3869,
      39080,
      33631,
      13690,
      44560,
      3312,
      14082,
      1623,
      1624,
      9012,
      4993,
      16522,
      47525,
      48552,
      10448,
      19531,
      6453,
      18622,
      15754,
      57944,
      19732,
      19197,
      9082,
      54731,
      16326,
      3371,
      43342,
      31550,
      9022,
      22140,
      8103,
      19302,
      40159,
      34639,
      25381,
      8910,
      34035,
      2240,
      10092,
      53737,
      7935,
      28635,
      58922,
      11327,
      29941,
      18437,
      9252,
      11920,
      12799,
      4543,
      32937,
      11719,
      2045,
      10607,
      3351,
      23874,
      6271,
      46337,
      5912,
      38572,
      22643,
      46908,
      34342,
      4805,
      6100,
      29202,
      45718,
      19651,
      43047,
      6506,
      5314,
      36414,
      14576,
      10579,
      20788,
      4038,
      3442,
      40035,
      46104,
      8402,
      25469,
      4859,
      37901,
      4437,
      27952,
      19661,
      43242,
      23527,
      14735,
      5953,
      49939,
      4817,
      5300,
      26659,
      13747,
      51162,
      31283,
      40270,
      6372,
      44871,
      18560,
      26053,
      49931,
      3252,
      53804,
      38595,
      6310,
      9358,
      44225,
      4811,
      19412,
      5301,
      22346,
      43188,
      2607,
      18217,
      8750,
      2058,
      18219,
      19159,
      36378,
      7328,
      14019,
      16785,
      3786,
      6852,
      15356,
      16518,
      2606,
      31562,
      6403,
      16971,
      9646,
      18413,
      33295,
      28047,
      41825,
      43543,
      5821
    ]
  },
  "calibration": {
    "method": "AI.GENERATE_BOOL with Q13 prompt + thinking_budget=0",
    "n_sample": 10,
    "tokens_total": {
      "prompt_other": 19136,
      "prompt_audio": 0,
      "output": 50,
      "thoughts": 0
    },
    "sample_cost_usd": 0.0058658,
    "per_row_cost_usd": 0.00058658,
    "elapsed_s": 5.460475921630859
  },
  "baseline": {
    "method": "sembench bigquery/q13.sql verbatim on STYLES_DETAILS",
    "sql": "SELECT styles_details.id\nFROM fashion_product_images.STYLES_DETAILS\nJOIN fashion_product_images.IMAGE_MAPPING\n  ON image_mapping.link = styles_details.styleImages.default.imageURL\nJOIN EXTERNAL_OBJECT_TRANSFORM(TABLE `fashion_product_images.IMAGES`, ['SIGNED_URL']) as images\n  ON ARRAY_LAST(SPLIT(images.uri, '/')) = image_mapping.filename\nWHERE true\n  AND AI.IF(('''\n    You will receive a description of what a customer is looking for together with an image and a textual description of the product.\n    Determine if they both match.\n\n    I am looking for a running shirt for men with a round neck and short sleeves,\n    preferably in blue or black, but not bright colors like white.\n    Also definitely not green.\n    It should be suitable for outdoor running in warm weather.\n    If the t-shirt is not green, it should at least feature a striped design.\n\n    The product has the following image''',\n    images.ref, ' and textual description ',\n    styles_details.productDisplayName, ' ',\n    styles_details.productDescriptors.description.value\n  ),\n  connection_id => 'us.connection',\n  endpoint => 'gemini-2.5-flash')",
    "result_ids": [
      1563,
      2045,
      2048,
      2240,
      2606,
      2607,
      4800,
      4817
    ],
    "score": {
      "precision": 0.75,
      "recall": 0.5,
      "f1_score": 0.6
    },
    "latency_breakdown": {
      "wall_s": 11.259918212890625,
      "slot_ms": 50027
    },
    "cost_breakdown": {
      "n_llm_calls": 500,
      "n_llm_calls_method": "scope size",
      "per_row_cost_usd": 0.00058658,
      "total_cost_usd": 0.29329
    }
  },
  "cascade": {
    "method": "Standard sem_filter cascade (Option E staging table swap)",