{
  "table_sizes": {
    "facts_50k_hnsw": 50000,
    "paper_hnsw": 62857,
    "ti_facts_50k_paper_0.5": 32297,
    "ti_facts_50k_paper_0.6": 1375814,
    "ti_facts_50k_paper_0.7": 63484438
  },
  "ti_selectivity": {
    "ti_facts_50k_paper_0.5": {
      "0.4": 0.083382,
      "0.45": 0.254265,
      "0.5": 1.0,
      "0.55": 1.0,
      "0.6": 1.0,
      "0.65": 1.0,
      "0.7": 1.0,
      "0.75": 1.0
    },
    "ti_facts_50k_paper_0.6": {
      "0.4": 0.001957,
      "0.45": 0.005971,
      "0.5": 0.023486,
      "0.55": 0.140754,
      "0.6": 1.0,
      "0.65": 1.0,
      "0.7": 1.0,
      "0.75": 1.0
    },
    "ti_facts_50k_paper_0.7": {
      "0.4": 4.2e-05,
      "0.45": 0.000129,
      "0.5": 0.000509,
      "0.55": 0.003051,
      "0.6": 0.021674,
      "0.65": 0.151308,
      "0.7": 1.0,
      "0.75": 1.0
    }
  }
}